"vu","ve"
3.13459067748168,4.22625793037555
